<?xml version="1.0" encoding="UTF-8"?>
<model package="gitpackagemanagement" baseClass="xPDOObject" platform="mysql" defaultEngine="MyISAM" phpdoc-package="gitpackagemanagement">
    <object class="GitPackage" table="git_packages" extends="xPDOSimpleObject">
        <field key="name" dbtype="varchar" precision="100" phptype="string" null="false" />
        <field key="description" dbtype="text" phptype="text" null="false" default="" />
        <field key="version" dbtype="varchar" precision="32" phptype="string" null="false" default="" />
        <field key="author" dbtype="varchar" precision="32" phptype="string" null="false" default="" />
        <field key="dir_name" dbtype="varchar" precision="100" phptype="string" null="false" />
        <field key="config" dbtype="text" phptype="string" null="false" default="" />
        <field key="key" dbtype="varchar" precision="32" phptype="string" null="false" default="" />
    </object>
</model>