<?xml version="1.0" encoding="UTF-8"?>
<model package="gitpackagemanagement" baseClass="xPDOObject" platform="mysql" defaultEngine="InnoDB" phpdoc-package="gitpackagemanagement">
    <object class="GitPackage" table="git_packages" extends="xPDOSimpleObject">
        <field key="name" dbtype="varchar" precision="100" phptype="string" null="false" />
        <field key="description" dbtype="text" phptype="string" null="false" default="" />
        <field key="version" dbtype="varchar" precision="32" phptype="string" null="false" default="" />
        <field key="author" dbtype="varchar" precision="32" phptype="string" null="false" default="" />
        <field key="dir_name" dbtype="varchar" precision="100" phptype="string" null="false" />
        <field key="config" dbtype="mediumtext" phptype="string" null="false" default="" />
        <field key="key" dbtype="varchar" precision="32" phptype="string" null="false" default="" />
        <field key="updatedon" dbtype="int" precision="10" phptype="integer" null="true"/>
    </object>
</model>
